<?xml version="1.0" encoding="UTF-8"?>
<export version="E">
  <design>
    <source>C:\Users\soule\Documents\projet-pcbpuissance\projet-pcbpuissance.kicad_sch</source>
    <date>16/04/2023 17:41:24</date>
    <tool>Eeschema 7.0.1</tool>
    <sheet number="1" name="/" tstamps="/">
      <title_block>
        <title/>
        <company/>
        <rev/>
        <date/>
        <source>projet-pcbpuissance.kicad_sch</source>
        <comment number="1" value=""/>
        <comment number="2" value=""/>
        <comment number="3" value=""/>
        <comment number="4" value=""/>
        <comment number="5" value=""/>
        <comment number="6" value=""/>
        <comment number="7" value=""/>
        <comment number="8" value=""/>
        <comment number="9" value=""/>
      </title_block>
    </sheet>
  </design>
  <components>
    <comp ref="C1">
      <value>47µF</value>
      <footprint>Capacitor_SMD:C_0603_1608Metric_Pad1.08x0.95mm_HandSolder</footprint>
      <libsource lib="Device" part="C_Small" description="Unpolarized capacitor, small symbol"/>
      <property name="Sheetname" value=""/>
      <property name="Sheetfile" value="projet-pcbpuissance.kicad_sch"/>
      <property name="ki_description" value="Unpolarized capacitor, small symbol"/>
      <property name="ki_keywords" value="capacitor cap"/>
      <sheetpath names="/" tstamps="/"/>
      <tstamps>78178428-254e-493f-9cb2-a66be1d32727</tstamps>
    </comp>
    <comp ref="C2">
      <value>0.1µF</value>
      <footprint>Capacitor_SMD:C_0603_1608Metric_Pad1.08x0.95mm_HandSolder</footprint>
      <libsource lib="Device" part="C_Small" description="Unpolarized capacitor, small symbol"/>
      <property name="Sheetname" value=""/>
      <property name="Sheetfile" value="projet-pcbpuissance.kicad_sch"/>
      <property name="ki_description" value="Unpolarized capacitor, small symbol"/>
      <property name="ki_keywords" value="capacitor cap"/>
      <sheetpath names="/" tstamps="/"/>
      <tstamps>31f99a4e-c15e-4835-be48-867c735f8cb5</tstamps>
    </comp>
    <comp ref="C3">
      <value>0.1µF</value>
      <footprint>Capacitor_SMD:C_0603_1608Metric_Pad1.08x0.95mm_HandSolder</footprint>
      <libsource lib="Device" part="C_Small" description="Unpolarized capacitor, small symbol"/>
      <property name="Sheetname" value=""/>
      <property name="Sheetfile" value="projet-pcbpuissance.kicad_sch"/>
      <property name="ki_description" value="Unpolarized capacitor, small symbol"/>
      <property name="ki_keywords" value="capacitor cap"/>
      <sheetpath names="/" tstamps="/"/>
      <tstamps>e2ff5ff8-2dd2-4587-91e3-648ececb8a77</tstamps>
    </comp>
    <comp ref="C4">
      <value>33µF</value>
      <footprint>Capacitor_SMD:C_0603_1608Metric_Pad1.08x0.95mm_HandSolder</footprint>
      <libsource lib="Device" part="C_Polarized_Small" description="Polarized capacitor, small symbol"/>
      <property name="Sheetname" value=""/>
      <property name="Sheetfile" value="projet-pcbpuissance.kicad_sch"/>
      <property name="ki_description" value="Polarized capacitor, small symbol"/>
      <property name="ki_keywords" value="cap capacitor"/>
      <sheetpath names="/" tstamps="/"/>
      <tstamps>0a64e901-28f8-4696-b27c-a0aec38467b6</tstamps>
    </comp>
    <comp ref="C5">
      <value>47µF</value>
      <footprint>Capacitor_SMD:C_0603_1608Metric_Pad1.08x0.95mm_HandSolder</footprint>
      <libsource lib="Device" part="C_Small" description="Unpolarized capacitor, small symbol"/>
      <property name="Sheetname" value=""/>
      <property name="Sheetfile" value="projet-pcbpuissance.kicad_sch"/>
      <property name="ki_description" value="Unpolarized capacitor, small symbol"/>
      <property name="ki_keywords" value="capacitor cap"/>
      <sheetpath names="/" tstamps="/"/>
      <tstamps>bd889973-0ce8-4199-8518-ab9affd2a93d</tstamps>
    </comp>
    <comp ref="C6">
      <value>0.1µF</value>
      <footprint>Capacitor_SMD:C_0603_1608Metric_Pad1.08x0.95mm_HandSolder</footprint>
      <libsource lib="Device" part="C_Small" description="Unpolarized capacitor, small symbol"/>
      <property name="Sheetname" value=""/>
      <property name="Sheetfile" value="projet-pcbpuissance.kicad_sch"/>
      <property name="ki_description" value="Unpolarized capacitor, small symbol"/>
      <property name="ki_keywords" value="capacitor cap"/>
      <sheetpath names="/" tstamps="/"/>
      <tstamps>f983efef-783a-4adb-b21c-d4372b40b8d1</tstamps>
    </comp>
    <comp ref="C7">
      <value>0.1µF</value>
      <footprint>Capacitor_SMD:C_0603_1608Metric_Pad1.08x0.95mm_HandSolder</footprint>
      <libsource lib="Device" part="C_Small" description="Unpolarized capacitor, small symbol"/>
      <property name="Sheetname" value=""/>
      <property name="Sheetfile" value="projet-pcbpuissance.kicad_sch"/>
      <property name="ki_description" value="Unpolarized capacitor, small symbol"/>
      <property name="ki_keywords" value="capacitor cap"/>
      <sheetpath names="/" tstamps="/"/>
      <tstamps>a6d0b921-62a2-4a7b-b750-83000ba464aa</tstamps>
    </comp>
    <comp ref="C8">
      <value>33µF</value>
      <footprint>Capacitor_SMD:C_0603_1608Metric_Pad1.08x0.95mm_HandSolder</footprint>
      <libsource lib="Device" part="C_Polarized_Small" description="Polarized capacitor, small symbol"/>
      <property name="Sheetname" value=""/>
      <property name="Sheetfile" value="projet-pcbpuissance.kicad_sch"/>
      <property name="ki_description" value="Polarized capacitor, small symbol"/>
      <property name="ki_keywords" value="cap capacitor"/>
      <sheetpath names="/" tstamps="/"/>
      <tstamps>dd2b7b8d-ef67-426e-91ad-6fb779d3e479</tstamps>
    </comp>
    <comp ref="D1">
      <value>D_Zener</value>
      <footprint>Diode_SMD:Littelfuse_PolyZen-LS</footprint>
      <libsource lib="Device" part="D_Zener" description="Zener diode"/>
      <property name="Sheetname" value=""/>
      <property name="Sheetfile" value="projet-pcbpuissance.kicad_sch"/>
      <property name="ki_description" value="Zener diode"/>
      <property name="ki_keywords" value="diode"/>
      <sheetpath names="/" tstamps="/"/>
      <tstamps>cec0c822-fdc2-4209-941a-361880fbdb58</tstamps>
    </comp>
    <comp ref="D2">
      <value>D_Zener</value>
      <footprint>Diode_SMD:Littelfuse_PolyZen-LS</footprint>
      <libsource lib="Device" part="D_Zener" description="Zener diode"/>
      <property name="Sheetname" value=""/>
      <property name="Sheetfile" value="projet-pcbpuissance.kicad_sch"/>
      <property name="ki_description" value="Zener diode"/>
      <property name="ki_keywords" value="diode"/>
      <sheetpath names="/" tstamps="/"/>
      <tstamps>0b55e7ce-0d53-40cd-bdfd-a2b01291e164</tstamps>
    </comp>
    <comp ref="D3">
      <value>LED</value>
      <footprint>LED_SMD:LED_0603_1608Metric_Pad1.05x0.95mm_HandSolder</footprint>
      <libsource lib="Device" part="LED" description="Light emitting diode"/>
      <property name="Sheetname" value=""/>
      <property name="Sheetfile" value="projet-pcbpuissance.kicad_sch"/>
      <property name="ki_description" value="Light emitting diode"/>
      <property name="ki_keywords" value="LED diode"/>
      <sheetpath names="/" tstamps="/"/>
      <tstamps>3ce12dc9-f5b5-4a54-98f3-1081b437c995</tstamps>
    </comp>
    <comp ref="D4">
      <value>LED</value>
      <footprint>LED_SMD:LED_0603_1608Metric_Pad1.05x0.95mm_HandSolder</footprint>
      <libsource lib="Device" part="LED" description="Light emitting diode"/>
      <property name="Sheetname" value=""/>
      <property name="Sheetfile" value="projet-pcbpuissance.kicad_sch"/>
      <property name="ki_description" value="Light emitting diode"/>
      <property name="ki_keywords" value="LED diode"/>
      <sheetpath names="/" tstamps="/"/>
      <tstamps>59f9b061-7feb-4dcf-9304-acdc8bc10852</tstamps>
    </comp>
    <comp ref="D5">
      <value>LED</value>
      <footprint>LED_SMD:LED_0603_1608Metric_Pad1.05x0.95mm_HandSolder</footprint>
      <libsource lib="Device" part="LED" description="Light emitting diode"/>
      <property name="Sheetname" value=""/>
      <property name="Sheetfile" value="projet-pcbpuissance.kicad_sch"/>
      <property name="ki_description" value="Light emitting diode"/>
      <property name="ki_keywords" value="LED diode"/>
      <sheetpath names="/" tstamps="/"/>
      <tstamps>718898fe-7f35-4058-9ae5-9e2d73c42bcd</tstamps>
    </comp>
    <comp ref="L1">
      <value>220µH</value>
      <footprint>Inductor_SMD:L_0805_2012Metric_Pad1.05x1.20mm_HandSolder</footprint>
      <libsource lib="Device" part="L_Small" description="Inductor, small symbol"/>
      <property name="Sheetname" value=""/>
      <property name="Sheetfile" value="projet-pcbpuissance.kicad_sch"/>
      <property name="ki_description" value="Inductor, small symbol"/>
      <property name="ki_keywords" value="inductor choke coil reactor magnetic"/>
      <sheetpath names="/" tstamps="/"/>
      <tstamps>035a4887-8f36-4d54-ac34-be1b2ad6ec9d</tstamps>
    </comp>
    <comp ref="L2">
      <value>220µH</value>
      <footprint>Inductor_SMD:L_0805_2012Metric_Pad1.05x1.20mm_HandSolder</footprint>
      <libsource lib="Device" part="L_Small" description="Inductor, small symbol"/>
      <property name="Sheetname" value=""/>
      <property name="Sheetfile" value="projet-pcbpuissance.kicad_sch"/>
      <property name="ki_description" value="Inductor, small symbol"/>
      <property name="ki_keywords" value="inductor choke coil reactor magnetic"/>
      <sheetpath names="/" tstamps="/"/>
      <tstamps>0476dccf-cc43-4a9e-b367-9871d0061bfa</tstamps>
    </comp>
    <comp ref="R1">
      <value>R_Small</value>
      <footprint>Resistor_SMD:R_0603_1608Metric_Pad0.98x0.95mm_HandSolder</footprint>
      <libsource lib="Device" part="R_Small" description="Resistor, small symbol"/>
      <property name="Sheetname" value=""/>
      <property name="Sheetfile" value="projet-pcbpuissance.kicad_sch"/>
      <property name="ki_description" value="Resistor, small symbol"/>
      <property name="ki_keywords" value="R resistor"/>
      <sheetpath names="/" tstamps="/"/>
      <tstamps>cd103f2f-3137-4b21-9c87-1b7ba4569251</tstamps>
    </comp>
    <comp ref="R2">
      <value>R_Small</value>
      <footprint>Resistor_SMD:R_0603_1608Metric_Pad0.98x0.95mm_HandSolder</footprint>
      <libsource lib="Device" part="R_Small" description="Resistor, small symbol"/>
      <property name="Sheetname" value=""/>
      <property name="Sheetfile" value="projet-pcbpuissance.kicad_sch"/>
      <property name="ki_description" value="Resistor, small symbol"/>
      <property name="ki_keywords" value="R resistor"/>
      <sheetpath names="/" tstamps="/"/>
      <tstamps>6e496bda-2c04-4d01-a300-c8b781a10572</tstamps>
    </comp>
    <comp ref="R3">
      <value>22k</value>
      <footprint>Resistor_SMD:R_0603_1608Metric_Pad0.98x0.95mm_HandSolder</footprint>
      <libsource lib="Device" part="R_Small" description="Resistor, small symbol"/>
      <property name="Sheetname" value=""/>
      <property name="Sheetfile" value="projet-pcbpuissance.kicad_sch"/>
      <property name="ki_description" value="Resistor, small symbol"/>
      <property name="ki_keywords" value="R resistor"/>
      <sheetpath names="/" tstamps="/"/>
      <tstamps>57ee7d09-c976-4ce9-a219-9b8e4bd6f14c</tstamps>
    </comp>
    <comp ref="R4">
      <value>12k</value>
      <footprint>Resistor_SMD:R_0603_1608Metric_Pad0.98x0.95mm_HandSolder</footprint>
      <libsource lib="Device" part="R_Small" description="Resistor, small symbol"/>
      <property name="Sheetname" value=""/>
      <property name="Sheetfile" value="projet-pcbpuissance.kicad_sch"/>
      <property name="ki_description" value="Resistor, small symbol"/>
      <property name="ki_keywords" value="R resistor"/>
      <sheetpath names="/" tstamps="/"/>
      <tstamps>4762ce23-c6f2-40fd-89bd-75b9a119a72e</tstamps>
    </comp>
    <comp ref="R5">
      <value>R_Small</value>
      <footprint>Resistor_SMD:R_0603_1608Metric_Pad0.98x0.95mm_HandSolder</footprint>
      <libsource lib="Device" part="R_Small" description="Resistor, small symbol"/>
      <property name="Sheetname" value=""/>
      <property name="Sheetfile" value="projet-pcbpuissance.kicad_sch"/>
      <property name="ki_description" value="Resistor, small symbol"/>
      <property name="ki_keywords" value="R resistor"/>
      <sheetpath names="/" tstamps="/"/>
      <tstamps>4047500c-6b80-4a00-8595-19f7def797de</tstamps>
    </comp>
    <comp ref="R6">
      <value>R_Small</value>
      <footprint>Resistor_SMD:R_0603_1608Metric_Pad0.98x0.95mm_HandSolder</footprint>
      <libsource lib="Device" part="R_Small" description="Resistor, small symbol"/>
      <property name="Sheetname" value=""/>
      <property name="Sheetfile" value="projet-pcbpuissance.kicad_sch"/>
      <property name="ki_description" value="Resistor, small symbol"/>
      <property name="ki_keywords" value="R resistor"/>
      <sheetpath names="/" tstamps="/"/>
      <tstamps>89bf429f-6f6d-4e8b-938c-c3404905a012</tstamps>
    </comp>
    <comp ref="R7">
      <value>68k</value>
      <footprint>Resistor_SMD:R_0603_1608Metric_Pad0.98x0.95mm_HandSolder</footprint>
      <libsource lib="Device" part="R_Small" description="Resistor, small symbol"/>
      <property name="Sheetname" value=""/>
      <property name="Sheetfile" value="projet-pcbpuissance.kicad_sch"/>
      <property name="ki_description" value="Resistor, small symbol"/>
      <property name="ki_keywords" value="R resistor"/>
      <sheetpath names="/" tstamps="/"/>
      <tstamps>6e71fcfd-a3ce-42d4-bb37-764513a146fd</tstamps>
    </comp>
    <comp ref="R8">
      <value>12k</value>
      <footprint>Resistor_SMD:R_0603_1608Metric_Pad0.98x0.95mm_HandSolder</footprint>
      <libsource lib="Device" part="R_Small" description="Resistor, small symbol"/>
      <property name="Sheetname" value=""/>
      <property name="Sheetfile" value="projet-pcbpuissance.kicad_sch"/>
      <property name="ki_description" value="Resistor, small symbol"/>
      <property name="ki_keywords" value="R resistor"/>
      <sheetpath names="/" tstamps="/"/>
      <tstamps>4ff72aa4-27e8-4038-a870-75b6627632ac</tstamps>
    </comp>
    <comp ref="R9">
      <value>R_Small</value>
      <footprint>Resistor_SMD:R_0603_1608Metric_Pad0.98x0.95mm_HandSolder</footprint>
      <libsource lib="Device" part="R_Small" description="Resistor, small symbol"/>
      <property name="Sheetname" value=""/>
      <property name="Sheetfile" value="projet-pcbpuissance.kicad_sch"/>
      <property name="ki_description" value="Resistor, small symbol"/>
      <property name="ki_keywords" value="R resistor"/>
      <sheetpath names="/" tstamps="/"/>
      <tstamps>d9a10a82-98e2-4d6a-a103-c4daaf02f539</tstamps>
    </comp>
    <comp ref="R10">
      <value>R_Small</value>
      <footprint>Resistor_SMD:R_0603_1608Metric_Pad0.98x0.95mm_HandSolder</footprint>
      <libsource lib="Device" part="R_Small" description="Resistor, small symbol"/>
      <property name="Sheetname" value=""/>
      <property name="Sheetfile" value="projet-pcbpuissance.kicad_sch"/>
      <property name="ki_description" value="Resistor, small symbol"/>
      <property name="ki_keywords" value="R resistor"/>
      <sheetpath names="/" tstamps="/"/>
      <tstamps>69779bf8-c94d-41fb-b12d-d5b4fbcb7d80</tstamps>
    </comp>
    <comp ref="R11">
      <value>R_Small</value>
      <footprint>Resistor_SMD:R_0603_1608Metric_Pad0.98x0.95mm_HandSolder</footprint>
      <libsource lib="Device" part="R_Small" description="Resistor, small symbol"/>
      <property name="Sheetname" value=""/>
      <property name="Sheetfile" value="projet-pcbpuissance.kicad_sch"/>
      <property name="ki_description" value="Resistor, small symbol"/>
      <property name="ki_keywords" value="R resistor"/>
      <sheetpath names="/" tstamps="/"/>
      <tstamps>a60d4a12-738d-4e55-aa53-bfc4e559673b</tstamps>
    </comp>
    <comp ref="U1">
      <value>MAX5033DUSA+</value>
      <libsource lib="Regulator_Switching" part="MAX5035AUSA" description="1A, High-Efficiency Step-Down DC-DC Converter, 3.3V fixed output voltage, Vin 76V, SO-8"/>
      <property name="Sheetname" value=""/>
      <property name="Sheetfile" value="projet-pcbpuissance.kicad_sch"/>
      <property name="ki_description" value="1A, High-Efficiency Step-Down DC-DC Converter, 3.3V fixed output voltage, Vin 76V, SO-8"/>
      <property name="ki_keywords" value="3.3V 1A Step-Down Converter 76V"/>
      <sheetpath names="/" tstamps="/"/>
      <tstamps>9f25bd24-1299-48da-b02e-b9e443d8d1f1</tstamps>
    </comp>
    <comp ref="U2">
      <value>MAX5033DUSA+</value>
      <libsource lib="Regulator_Switching" part="MAX5035AUSA" description="1A, High-Efficiency Step-Down DC-DC Converter, 3.3V fixed output voltage, Vin 76V, SO-8"/>
      <property name="Sheetname" value=""/>
      <property name="Sheetfile" value="projet-pcbpuissance.kicad_sch"/>
      <property name="ki_description" value="1A, High-Efficiency Step-Down DC-DC Converter, 3.3V fixed output voltage, Vin 76V, SO-8"/>
      <property name="ki_keywords" value="3.3V 1A Step-Down Converter 76V"/>
      <sheetpath names="/" tstamps="/"/>
      <tstamps>db745662-74fa-4949-b782-6ac8223c1724</tstamps>
    </comp>
  </components>
  <libparts>
    <libpart lib="Device" part="C_Polarized_Small">
      <description>Polarized capacitor, small symbol</description>
      <docs>~</docs>
      <footprints>
        <fp>CP_*</fp>
      </footprints>
      <fields>
        <field name="Reference">C</field>
        <field name="Value">C_Polarized_Small</field>
        <field name="Datasheet">~</field>
      </fields>
      <pins>
        <pin num="1" name="" type="passive"/>
        <pin num="2" name="" type="passive"/>
      </pins>
    </libpart>
    <libpart lib="Device" part="C_Small">
      <description>Unpolarized capacitor, small symbol</description>
      <docs>~</docs>
      <footprints>
        <fp>C_*</fp>
      </footprints>
      <fields>
        <field name="Reference">C</field>
        <field name="Value">C_Small</field>
        <field name="Datasheet">~</field>
      </fields>
      <pins>
        <pin num="1" name="" type="passive"/>
        <pin num="2" name="" type="passive"/>
      </pins>
    </libpart>
    <libpart lib="Device" part="D_Zener">
      <description>Zener diode</description>
      <docs>~</docs>
      <footprints>
        <fp>TO-???*</fp>
        <fp>*_Diode_*</fp>
        <fp>*SingleDiode*</fp>
        <fp>D_*</fp>
      </footprints>
      <fields>
        <field name="Reference">D</field>
        <field name="Value">D_Zener</field>
        <field name="Datasheet">~</field>
      </fields>
      <pins>
        <pin num="1" name="K" type="passive"/>
        <pin num="2" name="A" type="passive"/>
      </pins>
    </libpart>
    <libpart lib="Device" part="LED">
      <description>Light emitting diode</description>
      <docs>~</docs>
      <footprints>
        <fp>LED*</fp>
        <fp>LED_SMD:*</fp>
        <fp>LED_THT:*</fp>
      </footprints>
      <fields>
        <field name="Reference">D</field>
        <field name="Value">LED</field>
        <field name="Datasheet">~</field>
      </fields>
      <pins>
        <pin num="1" name="K" type="passive"/>
        <pin num="2" name="A" type="passive"/>
      </pins>
    </libpart>
    <libpart lib="Device" part="L_Small">
      <description>Inductor, small symbol</description>
      <docs>~</docs>
      <footprints>
        <fp>Choke_*</fp>
        <fp>*Coil*</fp>
        <fp>Inductor_*</fp>
        <fp>L_*</fp>
      </footprints>
      <fields>
        <field name="Reference">L</field>
        <field name="Value">L_Small</field>
        <field name="Datasheet">~</field>
      </fields>
      <pins>
        <pin num="1" name="" type="passive"/>
        <pin num="2" name="" type="passive"/>
      </pins>
    </libpart>
    <libpart lib="Device" part="R_Small">
      <description>Resistor, small symbol</description>
      <docs>~</docs>
      <footprints>
        <fp>R_*</fp>
      </footprints>
      <fields>
        <field name="Reference">R</field>
        <field name="Value">R_Small</field>
        <field name="Datasheet">~</field>
      </fields>
      <pins>
        <pin num="1" name="" type="passive"/>
        <pin num="2" name="" type="passive"/>
      </pins>
    </libpart>
    <libpart lib="Regulator_Switching" part="MAX5035AUSA">
      <description>1A, High-Efficiency Step-Down DC-DC Converter, 3.3V fixed output voltage, Vin 76V, SO-8</description>
      <footprints>
        <fp>SOIC*3.9x4.9mm*P1.27mm*</fp>
      </footprints>
      <fields>
        <field name="Reference">U</field>
        <field name="Value">MAX5033DUSA+</field>
      </fields>
      <pins>
        <pin num="1" name="BST" type="passive"/>
        <pin num="2" name="VD" type="passive"/>
        <pin num="3" name="SGND" type="power_in"/>
        <pin num="4" name="FB" type="input"/>
        <pin num="5" name="ON/~{OFF}" type="input"/>
        <pin num="6" name="GND" type="power_in"/>
        <pin num="7" name="VIN" type="power_in"/>
        <pin num="8" name="LX" type="output"/>
      </pins>
    </libpart>
  </libparts>
  <libraries>
    <library logical="Device">
      <uri>D:\KiCad\share\kicad\symbols\/Device.kicad_sym</uri>
    </library>
    <library logical="Regulator_Switching">
      <uri>D:\KiCad\share\kicad\symbols\/Regulator_Switching.kicad_sym</uri>
    </library>
  </libraries>
  <nets>
    <net code="1" name="+3.3V">
      <node ref="C4" pin="1" pintype="passive"/>
      <node ref="D3" pin="2" pinfunction="A" pintype="passive"/>
      <node ref="L1" pin="2" pintype="passive"/>
    </net>
    <net code="2" name="7.4V">
      <node ref="C8" pin="1" pintype="passive"/>
      <node ref="D4" pin="2" pinfunction="A" pintype="passive"/>
      <node ref="L2" pin="2" pintype="passive"/>
    </net>
    <net code="3" name="11.1V">
      <node ref="D5" pin="2" pinfunction="A" pintype="passive"/>
    </net>
    <net code="4" name="Batterie 11.1 V">
      <node ref="C1" pin="1" pintype="passive"/>
      <node ref="C5" pin="1" pintype="passive"/>
      <node ref="R2" pin="1" pintype="passive"/>
      <node ref="R5" pin="1" pintype="passive"/>
      <node ref="U1" pin="7" pinfunction="VIN" pintype="power_in"/>
      <node ref="U2" pin="7" pinfunction="VIN" pintype="power_in"/>
    </net>
    <net code="5" name="GND">
      <node ref="C1" pin="2" pintype="passive"/>
      <node ref="C2" pin="2" pintype="passive"/>
      <node ref="C4" pin="2" pintype="passive"/>
      <node ref="C5" pin="2" pintype="passive"/>
      <node ref="C6" pin="2" pintype="passive"/>
      <node ref="C8" pin="2" pintype="passive"/>
      <node ref="D1" pin="2" pinfunction="A" pintype="passive"/>
      <node ref="D2" pin="2" pinfunction="A" pintype="passive"/>
      <node ref="R1" pin="2" pintype="passive"/>
      <node ref="R10" pin="2" pintype="passive"/>
      <node ref="R11" pin="2" pintype="passive"/>
      <node ref="R4" pin="1" pintype="passive"/>
      <node ref="R6" pin="2" pintype="passive"/>
      <node ref="R8" pin="1" pintype="passive"/>
      <node ref="R9" pin="2" pintype="passive"/>
      <node ref="U1" pin="3" pinfunction="SGND" pintype="power_in"/>
      <node ref="U1" pin="6" pinfunction="GND" pintype="power_in"/>
      <node ref="U2" pin="3" pinfunction="SGND" pintype="power_in"/>
      <node ref="U2" pin="6" pinfunction="GND" pintype="power_in"/>
    </net>
    <net code="6" name="Net-(D1-K)">
      <node ref="C3" pin="1" pintype="passive"/>
      <node ref="D1" pin="1" pinfunction="K" pintype="passive"/>
      <node ref="L1" pin="1" pintype="passive"/>
      <node ref="R3" pin="2" pintype="passive"/>
      <node ref="U1" pin="8" pinfunction="LX" pintype="output"/>
    </net>
    <net code="7" name="Net-(D2-K)">
      <node ref="C7" pin="1" pintype="passive"/>
      <node ref="D2" pin="1" pinfunction="K" pintype="passive"/>
      <node ref="L2" pin="1" pintype="passive"/>
      <node ref="R7" pin="2" pintype="passive"/>
      <node ref="U2" pin="8" pinfunction="LX" pintype="output"/>
    </net>
    <net code="8" name="Net-(D3-K)">
      <node ref="D3" pin="1" pinfunction="K" pintype="passive"/>
      <node ref="R9" pin="1" pintype="passive"/>
    </net>
    <net code="9" name="Net-(D4-K)">
      <node ref="D4" pin="1" pinfunction="K" pintype="passive"/>
      <node ref="R10" pin="1" pintype="passive"/>
    </net>
    <net code="10" name="Net-(D5-K)">
      <node ref="D5" pin="1" pinfunction="K" pintype="passive"/>
      <node ref="R11" pin="1" pintype="passive"/>
    </net>
    <net code="11" name="Net-(U1-BST)">
      <node ref="C3" pin="2" pintype="passive"/>
      <node ref="U1" pin="1" pinfunction="BST" pintype="passive"/>
    </net>
    <net code="12" name="Net-(U1-FB)">
      <node ref="R3" pin="1" pintype="passive"/>
      <node ref="R4" pin="2" pintype="passive"/>
      <node ref="U1" pin="4" pinfunction="FB" pintype="input"/>
    </net>
    <net code="13" name="Net-(U1-ON{slash}~{OFF})">
      <node ref="R1" pin="1" pintype="passive"/>
      <node ref="R2" pin="2" pintype="passive"/>
      <node ref="U1" pin="5" pinfunction="ON/~{OFF}" pintype="input"/>
    </net>
    <net code="14" name="Net-(U1-VD)">
      <node ref="C2" pin="1" pintype="passive"/>
      <node ref="U1" pin="2" pinfunction="VD" pintype="passive"/>
    </net>
    <net code="15" name="Net-(U2-BST)">
      <node ref="C7" pin="2" pintype="passive"/>
      <node ref="U2" pin="1" pinfunction="BST" pintype="passive"/>
    </net>
    <net code="16" name="Net-(U2-FB)">
      <node ref="R7" pin="1" pintype="passive"/>
      <node ref="R8" pin="2" pintype="passive"/>
      <node ref="U2" pin="4" pinfunction="FB" pintype="input"/>
    </net>
    <net code="17" name="Net-(U2-ON{slash}~{OFF})">
      <node ref="R5" pin="2" pintype="passive"/>
      <node ref="R6" pin="1" pintype="passive"/>
      <node ref="U2" pin="5" pinfunction="ON/~{OFF}" pintype="input"/>
    </net>
    <net code="18" name="Net-(U2-VD)">
      <node ref="C6" pin="1" pintype="passive"/>
      <node ref="U2" pin="2" pinfunction="VD" pintype="passive"/>
    </net>
  </nets>
</export>
